C:\Users\Pacifico\Desktop\Projects\mh\src\assets\brand\logo-alternative.png,C:\Users\Pacifico\Desktop\Projects\mh\src\assets\brand\logo-alternative-mh-aviation-lancaster-flight-school.png,/src/assets/brand/logo-alternative.png,/src/assets/brand/logo-alternative-mh-aviation-lancaster-flight-school.png,OK
C:\Users\Pacifico\Desktop\Projects\mh\src\assets\brand\logo.png,C:\Users\Pacifico\Desktop\Projects\mh\src\assets\brand\logo-mh-aviation-lancaster-instrument-rating.png,/src/assets/brand/logo.png,/src/assets/brand/logo-mh-aviation-lancaster-instrument-rating.png,OK
C:\Users\Pacifico\Desktop\Projects\mh\src\assets\brand\MH Aviation Black.png,C:\Users\Pacifico\Desktop\Projects\mh\src\assets\brand\MH-Aviation-Black-mh-aviation-lancaster-commercial-pilot.png,/src/assets/brand/MH Aviation Black.png,/src/assets/brand/MH-Aviation-Black-mh-aviation-lancaster-commercial-pilot.png,OK
C:\Users\Pacifico\Desktop\Projects\mh\src\assets\brand\MH Aviation White.png,C:\Users\Pacifico\Desktop\Projects\mh\src\assets\brand\MH-Aviation-White-mh-aviation-california-multi-engine-rating.png,/src/assets/brand/MH Aviation White.png,/src/assets/brand/MH-Aviation-White-mh-aviation-california-multi-engine-rating.png,OK
C:\Users\Pacifico\Desktop\Projects\mh\src\assets\brand\MH Flight School B&W.png,C:\Users\Pacifico\Desktop\Projects\mh\src\assets\brand\MH-Flight-School-B&W-mh-aviation-lancaster-multi-engine-rating.png,/src/assets/brand/MH Flight School B&W.png,/src/assets/brand/MH-Flight-School-B&W-mh-aviation-lancaster-multi-engine-rating.png,OK
C:\Users\Pacifico\Desktop\Projects\mh\src\assets\brand\MH Flight School Copper.png,C:\Users\Pacifico\Desktop\Projects\mh\src\assets\brand\MH-Flight-School-Copper-mh-aviation-california-become-a-pilot.png,/src/assets/brand/MH Flight School Copper.png,/src/assets/brand/MH-Flight-School-Copper-mh-aviation-california-become-a-pilot.png,OK
C:\Users\Pacifico\Desktop\Projects\mh\src\assets\brand\MH Fuels B&W.png,C:\Users\Pacifico\Desktop\Projects\mh\src\assets\brand\MH-Fuels-B&W-mh-aviation-lancaster-multi-engine-rating.png,/src/assets/brand/MH Fuels B&W.png,/src/assets/brand/MH-Fuels-B&W-mh-aviation-lancaster-multi-engine-rating.png,OK
C:\Users\Pacifico\Desktop\Projects\mh\src\assets\crew\mh-aviation-crew-member (1).webp,C:\Users\Pacifico\Desktop\Projects\mh\src\assets\crew\crew-member-(1)-mh-aviation-lancaster-multi-engine-rating.webp,/src/assets/crew/mh-aviation-crew-member (1).webp,/src/assets/crew/crew-member-(1)-mh-aviation-lancaster-multi-engine-rating.webp,OK
C:\Users\Pacifico\Desktop\Projects\mh\src\assets\crew\mh-aviation-crew-member (10).webp,C:\Users\Pacifico\Desktop\Projects\mh\src\assets\crew\crew-member-(10)-mh-aviation-california-flight-training.webp,/src/assets/crew/mh-aviation-crew-member (10).webp,/src/assets/crew/crew-member-(10)-mh-aviation-california-flight-training.webp,OK
C:\Users\Pacifico\Desktop\Projects\mh\src\assets\crew\mh-aviation-crew-member (12).webp,C:\Users\Pacifico\Desktop\Projects\mh\src\assets\crew\crew-member-(12)-mh-aviation-california-instrument-rating.webp,/src/assets/crew/mh-aviation-crew-member (12).webp,/src/assets/crew/crew-member-(12)-mh-aviation-california-instrument-rating.webp,OK
C:\Users\Pacifico\Desktop\Projects\mh\src\assets\crew\mh-aviation-crew-member (13).webp,C:\Users\Pacifico\Desktop\Projects\mh\src\assets\crew\crew-member-(13)-mh-aviation-california-discovery-flight.webp,/src/assets/crew/mh-aviation-crew-member (13).webp,/src/assets/crew/crew-member-(13)-mh-aviation-california-discovery-flight.webp,OK
C:\Users\Pacifico\Desktop\Projects\mh\src\assets\crew\mh-aviation-crew-member (14).webp,C:\Users\Pacifico\Desktop\Projects\mh\src\assets\crew\crew-member-(14)-mh-aviation-california-commercial-pilot.webp,/src/assets/crew/mh-aviation-crew-member (14).webp,/src/assets/crew/crew-member-(14)-mh-aviation-california-commercial-pilot.webp,OK
C:\Users\Pacifico\Desktop\Projects\mh\src\assets\crew\mh-aviation-crew-member (3).webp,C:\Users\Pacifico\Desktop\Projects\mh\src\assets\crew\crew-member-(3)-mh-aviation-california-instrument-rating.webp,/src/assets/crew/mh-aviation-crew-member (3).webp,/src/assets/crew/crew-member-(3)-mh-aviation-california-instrument-rating.webp,OK
C:\Users\Pacifico\Desktop\Projects\mh\src\assets\crew\mh-aviation-crew-member (6).webp,C:\Users\Pacifico\Desktop\Projects\mh\src\assets\crew\crew-member-(6)-mh-aviation-california-become-a-pilot.webp,/src/assets/crew/mh-aviation-crew-member (6).webp,/src/assets/crew/crew-member-(6)-mh-aviation-california-become-a-pilot.webp,OK
C:\Users\Pacifico\Desktop\Projects\mh\src\assets\crew\mh-aviation-crew-member (7).webp,C:\Users\Pacifico\Desktop\Projects\mh\src\assets\crew\crew-member-(7)-mh-aviation-california-private-pilot.webp,/src/assets/crew/mh-aviation-crew-member (7).webp,/src/assets/crew/crew-member-(7)-mh-aviation-california-private-pilot.webp,OK
C:\Users\Pacifico\Desktop\Projects\mh\src\assets\crew\mh-aviation-crew-member (8).webp,C:\Users\Pacifico\Desktop\Projects\mh\src\assets\crew\crew-member-(8)-mh-aviation-california-discovery-flight.webp,/src/assets/crew/mh-aviation-crew-member (8).webp,/src/assets/crew/crew-member-(8)-mh-aviation-california-discovery-flight.webp,OK
C:\Users\Pacifico\Desktop\Projects\mh\src\assets\crew\mh-aviation-crew-member (9).webp,C:\Users\Pacifico\Desktop\Projects\mh\src\assets\crew\crew-member-(9)-mh-aviation-lancaster-multi-engine-rating.webp,/src/assets/crew/mh-aviation-crew-member (9).webp,/src/assets/crew/crew-member-(9)-mh-aviation-lancaster-multi-engine-rating.webp,OK
C:\Users\Pacifico\Desktop\Projects\mh\src\assets\crew\mh-aviation-crew-member-jeff-haney.webp,C:\Users\Pacifico\Desktop\Projects\mh\src\assets\crew\crew-member-jeff-haney-mh-aviation-lancaster-flight-training.webp,/src/assets/crew/mh-aviation-crew-member-jeff-haney.webp,/src/assets/crew/crew-member-jeff-haney-mh-aviation-lancaster-flight-training.webp,OK
C:\Users\Pacifico\Desktop\Projects\mh\src\assets\crew\mh-aviation-crew-member-jessica-haney.webp,C:\Users\Pacifico\Desktop\Projects\mh\src\assets\crew\crew-member-jessica-haney-mh-aviation-lancaster-become-a-pilot.webp,/src/assets/crew/mh-aviation-crew-member-jessica-haney.webp,/src/assets/crew/crew-member-jessica-haney-mh-aviation-lancaster-become-a-pilot.webp,OK
C:\Users\Pacifico\Desktop\Projects\mh\src\assets\crew\mh-aviation-crew-member-mike-graves.webp,C:\Users\Pacifico\Desktop\Projects\mh\src\assets\crew\crew-member-mike-graves-mh-aviation-lancaster-commercial-pilot.webp,/src/assets/crew/mh-aviation-crew-member-mike-graves.webp,/src/assets/crew/crew-member-mike-graves-mh-aviation-lancaster-commercial-pilot.webp,OK
C:\Users\Pacifico\Desktop\Projects\mh\src\assets\crew\mh-aviation-crew-member-palomo-olmedo.webp,C:\Users\Pacifico\Desktop\Projects\mh\src\assets\crew\crew-member-palomo-olmedo-mh-aviation-california-certified-flight-instructor.webp,/src/assets/crew/mh-aviation-crew-member-palomo-olmedo.webp,/src/assets/crew/crew-member-palomo-olmedo-mh-aviation-california-certified-flight-instructor.webp,OK
C:\Users\Pacifico\Desktop\Projects\mh\src\assets\crew\mh-aviation-crew-member-wyatt-evan.webp,C:\Users\Pacifico\Desktop\Projects\mh\src\assets\crew\crew-member-wyatt-evan-mh-aviation-california-become-a-pilot.webp,/src/assets/crew/mh-aviation-crew-member-wyatt-evan.webp,/src/assets/crew/crew-member-wyatt-evan-mh-aviation-california-become-a-pilot.webp,OK
C:\Users\Pacifico\Desktop\Projects\mh\src\assets\crew\mh-aviation-doggo.jpg,C:\Users\Pacifico\Desktop\Projects\mh\src\assets\crew\doggo-mh-aviation-lancaster-become-a-pilot.jpg,/src/assets/crew/mh-aviation-doggo.jpg,/src/assets/crew/doggo-mh-aviation-lancaster-become-a-pilot.jpg,OK
C:\Users\Pacifico\Desktop\Projects\mh\src\assets\crew\mh-aviation-jeff-and-jessica.jpg,C:\Users\Pacifico\Desktop\Projects\mh\src\assets\crew\jeff-and-jessica-mh-aviation-california-commercial-pilot.jpg,/src/assets/crew/mh-aviation-jeff-and-jessica.jpg,/src/assets/crew/jeff-and-jessica-mh-aviation-california-commercial-pilot.jpg,OK
C:\Users\Pacifico\Desktop\Projects\mh\src\assets\equipment\mh-aviation-equipment- (1).jpg,C:\Users\Pacifico\Desktop\Projects\mh\src\assets\equipment\equipment--(1)-mh-aviation-california-multi-engine-rating.jpg,/src/assets/equipment/mh-aviation-equipment- (1).jpg,/src/assets/equipment/equipment--(1)-mh-aviation-california-multi-engine-rating.jpg,OK
C:\Users\Pacifico\Desktop\Projects\mh\src\assets\equipment\mh-aviation-equipment- (11).jpg,C:\Users\Pacifico\Desktop\Projects\mh\src\assets\equipment\equipment--(11)-mh-aviation-lancaster-certified-flight-instructor.jpg,/src/assets/equipment/mh-aviation-equipment- (11).jpg,/src/assets/equipment/equipment--(11)-mh-aviation-lancaster-certified-flight-instructor.jpg,OK
C:\Users\Pacifico\Desktop\Projects\mh\src\assets\equipment\mh-aviation-equipment- (15).jpg,C:\Users\Pacifico\Desktop\Projects\mh\src\assets\equipment\equipment--(15)-mh-aviation-lancaster-multi-engine-rating.jpg,/src/assets/equipment/mh-aviation-equipment- (15).jpg,/src/assets/equipment/equipment--(15)-mh-aviation-lancaster-multi-engine-rating.jpg,OK
C:\Users\Pacifico\Desktop\Projects\mh\src\assets\equipment\mh-aviation-equipment- (16).jpg,C:\Users\Pacifico\Desktop\Projects\mh\src\assets\equipment\equipment--(16)-mh-aviation-california-discovery-flight.jpg,/src/assets/equipment/mh-aviation-equipment- (16).jpg,/src/assets/equipment/equipment--(16)-mh-aviation-california-discovery-flight.jpg,OK
C:\Users\Pacifico\Desktop\Projects\mh\src\assets\equipment\mh-aviation-equipment- (17).jpg,C:\Users\Pacifico\Desktop\Projects\mh\src\assets\equipment\equipment--(17)-mh-aviation-lancaster-become-a-pilot.jpg,/src/assets/equipment/mh-aviation-equipment- (17).jpg,/src/assets/equipment/equipment--(17)-mh-aviation-lancaster-become-a-pilot.jpg,OK
C:\Users\Pacifico\Desktop\Projects\mh\src\assets\equipment\mh-aviation-equipment- (18).jpg,C:\Users\Pacifico\Desktop\Projects\mh\src\assets\equipment\equipment--(18)-mh-aviation-lancaster-multi-engine-rating.jpg,/src/assets/equipment/mh-aviation-equipment- (18).jpg,/src/assets/equipment/equipment--(18)-mh-aviation-lancaster-multi-engine-rating.jpg,OK
C:\Users\Pacifico\Desktop\Projects\mh\src\assets\equipment\mh-aviation-equipment- (19).jpg,C:\Users\Pacifico\Desktop\Projects\mh\src\assets\equipment\equipment--(19)-mh-aviation-lancaster-certified-flight-instructor.jpg,/src/assets/equipment/mh-aviation-equipment- (19).jpg,/src/assets/equipment/equipment--(19)-mh-aviation-lancaster-certified-flight-instructor.jpg,OK
C:\Users\Pacifico\Desktop\Projects\mh\src\assets\equipment\mh-aviation-equipment- (2).jpg,C:\Users\Pacifico\Desktop\Projects\mh\src\assets\equipment\equipment--(2)-mh-aviation-lancaster-certified-flight-instructor.jpg,/src/assets/equipment/mh-aviation-equipment- (2).jpg,/src/assets/equipment/equipment--(2)-mh-aviation-lancaster-certified-flight-instructor.jpg,OK
C:\Users\Pacifico\Desktop\Projects\mh\src\assets\equipment\mh-aviation-equipment- (20).jpg,C:\Users\Pacifico\Desktop\Projects\mh\src\assets\equipment\equipment--(20)-mh-aviation-lancaster-become-a-pilot.jpg,/src/assets/equipment/mh-aviation-equipment- (20).jpg,/src/assets/equipment/equipment--(20)-mh-aviation-lancaster-become-a-pilot.jpg,OK
C:\Users\Pacifico\Desktop\Projects\mh\src\assets\equipment\mh-aviation-equipment- (21).jpg,C:\Users\Pacifico\Desktop\Projects\mh\src\assets\equipment\equipment--(21)-mh-aviation-california-flying-lessons.jpg,/src/assets/equipment/mh-aviation-equipment- (21).jpg,/src/assets/equipment/equipment--(21)-mh-aviation-california-flying-lessons.jpg,OK
C:\Users\Pacifico\Desktop\Projects\mh\src\assets\equipment\mh-aviation-equipment- (22).jpg,C:\Users\Pacifico\Desktop\Projects\mh\src\assets\equipment\equipment--(22)-mh-aviation-lancaster-flight-training.jpg,/src/assets/equipment/mh-aviation-equipment- (22).jpg,/src/assets/equipment/equipment--(22)-mh-aviation-lancaster-flight-training.jpg,OK
C:\Users\Pacifico\Desktop\Projects\mh\src\assets\equipment\mh-aviation-equipment- (23).jpg,C:\Users\Pacifico\Desktop\Projects\mh\src\assets\equipment\equipment--(23)-mh-aviation-lancaster-certified-flight-instructor.jpg,/src/assets/equipment/mh-aviation-equipment- (23).jpg,/src/assets/equipment/equipment--(23)-mh-aviation-lancaster-certified-flight-instructor.jpg,OK
C:\Users\Pacifico\Desktop\Projects\mh\src\assets\equipment\mh-aviation-equipment- (24).jpg,C:\Users\Pacifico\Desktop\Projects\mh\src\assets\equipment\equipment--(24)-mh-aviation-lancaster-flying-lessons.jpg,/src/assets/equipment/mh-aviation-equipment- (24).jpg,/src/assets/equipment/equipment--(24)-mh-aviation-lancaster-flying-lessons.jpg,OK
C:\Users\Pacifico\Desktop\Projects\mh\src\assets\equipment\mh-aviation-equipment- (25).jpg,C:\Users\Pacifico\Desktop\Projects\mh\src\assets\equipment\equipment--(25)-mh-aviation-california-flying-lessons.jpg,/src/assets/equipment/mh-aviation-equipment- (25).jpg,/src/assets/equipment/equipment--(25)-mh-aviation-california-flying-lessons.jpg,OK
C:\Users\Pacifico\Desktop\Projects\mh\src\assets\equipment\mh-aviation-equipment- (26).jpg,C:\Users\Pacifico\Desktop\Projects\mh\src\assets\equipment\equipment--(26)-mh-aviation-california-certified-flight-instructor.jpg,/src/assets/equipment/mh-aviation-equipment- (26).jpg,/src/assets/equipment/equipment--(26)-mh-aviation-california-certified-flight-instructor.jpg,OK
C:\Users\Pacifico\Desktop\Projects\mh\src\assets\equipment\mh-aviation-equipment- (27).jpg,C:\Users\Pacifico\Desktop\Projects\mh\src\assets\equipment\equipment--(27)-mh-aviation-lancaster-become-a-pilot.jpg,/src/assets/equipment/mh-aviation-equipment- (27).jpg,/src/assets/equipment/equipment--(27)-mh-aviation-lancaster-become-a-pilot.jpg,OK
C:\Users\Pacifico\Desktop\Projects\mh\src\assets\equipment\mh-aviation-equipment- (28).jpg,C:\Users\Pacifico\Desktop\Projects\mh\src\assets\equipment\equipment--(28)-mh-aviation-lancaster-instrument-rating.jpg,/src/assets/equipment/mh-aviation-equipment- (28).jpg,/src/assets/equipment/equipment--(28)-mh-aviation-lancaster-instrument-rating.jpg,OK
C:\Users\Pacifico\Desktop\Projects\mh\src\assets\equipment\mh-aviation-equipment- (29).jpg,C:\Users\Pacifico\Desktop\Projects\mh\src\assets\equipment\equipment--(29)-mh-aviation-california-certified-flight-instructor.jpg,/src/assets/equipment/mh-aviation-equipment- (29).jpg,/src/assets/equipment/equipment--(29)-mh-aviation-california-certified-flight-instructor.jpg,OK
C:\Users\Pacifico\Desktop\Projects\mh\src\assets\equipment\mh-aviation-equipment- (3).jpg,C:\Users\Pacifico\Desktop\Projects\mh\src\assets\equipment\equipment--(3)-mh-aviation-california-flying-lessons.jpg,/src/assets/equipment/mh-aviation-equipment- (3).jpg,/src/assets/equipment/equipment--(3)-mh-aviation-california-flying-lessons.jpg,OK
C:\Users\Pacifico\Desktop\Projects\mh\src\assets\equipment\mh-aviation-equipment- (31).jpg,C:\Users\Pacifico\Desktop\Projects\mh\src\assets\equipment\equipment--(31)-mh-aviation-california-flight-school.jpg,/src/assets/equipment/mh-aviation-equipment- (31).jpg,/src/assets/equipment/equipment--(31)-mh-aviation-california-flight-school.jpg,OK
C:\Users\Pacifico\Desktop\Projects\mh\src\assets\equipment\mh-aviation-equipment- (33).jpg,C:\Users\Pacifico\Desktop\Projects\mh\src\assets\equipment\equipment--(33)-mh-aviation-lancaster-instrument-rating.jpg,/src/assets/equipment/mh-aviation-equipment- (33).jpg,/src/assets/equipment/equipment--(33)-mh-aviation-lancaster-instrument-rating.jpg,OK
C:\Users\Pacifico\Desktop\Projects\mh\src\assets\equipment\mh-aviation-equipment- (4).jpg,C:\Users\Pacifico\Desktop\Projects\mh\src\assets\equipment\equipment--(4)-mh-aviation-california-certified-flight-instructor.jpg,/src/assets/equipment/mh-aviation-equipment- (4).jpg,/src/assets/equipment/equipment--(4)-mh-aviation-california-certified-flight-instructor.jpg,OK
C:\Users\Pacifico\Desktop\Projects\mh\src\assets\equipment\mh-aviation-equipment- (5).jpg,C:\Users\Pacifico\Desktop\Projects\mh\src\assets\equipment\equipment--(5)-mh-aviation-lancaster-become-a-pilot.jpg,/src/assets/equipment/mh-aviation-equipment- (5).jpg,/src/assets/equipment/equipment--(5)-mh-aviation-lancaster-become-a-pilot.jpg,OK
C:\Users\Pacifico\Desktop\Projects\mh\src\assets\equipment\mh-aviation-equipment- (6).jpg,C:\Users\Pacifico\Desktop\Projects\mh\src\assets\equipment\equipment--(6)-mh-aviation-california-flying-lessons.jpg,/src/assets/equipment/mh-aviation-equipment- (6).jpg,/src/assets/equipment/equipment--(6)-mh-aviation-california-flying-lessons.jpg,OK
C:\Users\Pacifico\Desktop\Projects\mh\src\assets\equipment\mh-aviation-equipment- (7).jpg,C:\Users\Pacifico\Desktop\Projects\mh\src\assets\equipment\equipment--(7)-mh-aviation-california-discovery-flight.jpg,/src/assets/equipment/mh-aviation-equipment- (7).jpg,/src/assets/equipment/equipment--(7)-mh-aviation-california-discovery-flight.jpg,OK
C:\Users\Pacifico\Desktop\Projects\mh\src\assets\equipment\mh-aviation-equipment- (8).jpg,C:\Users\Pacifico\Desktop\Projects\mh\src\assets\equipment\equipment--(8)-mh-aviation-california-flight-training.jpg,/src/assets/equipment/mh-aviation-equipment- (8).jpg,/src/assets/equipment/equipment--(8)-mh-aviation-california-flight-training.jpg,OK
C:\Users\Pacifico\Desktop\Projects\mh\src\assets\equipment\mh-aviation-equipment- (9).jpg,C:\Users\Pacifico\Desktop\Projects\mh\src\assets\equipment\equipment--(9)-mh-aviation-lancaster-instrument-rating.jpg,/src/assets/equipment/mh-aviation-equipment- (9).jpg,/src/assets/equipment/equipment--(9)-mh-aviation-lancaster-instrument-rating.jpg,OK
C:\Users\Pacifico\Desktop\Projects\mh\src\assets\equipment\mh-aviation-equipment-and-crew.jpg,C:\Users\Pacifico\Desktop\Projects\mh\src\assets\equipment\equipment-and-crew-mh-aviation-california-commercial-pilot.jpg,/src/assets/equipment/mh-aviation-equipment-and-crew.jpg,/src/assets/equipment/equipment-and-crew-mh-aviation-california-commercial-pilot.jpg,OK
C:\Users\Pacifico\Desktop\Projects\mh\src\assets\equipment\mh-aviation-equipment-and-maintenance-on-stair.jpg,C:\Users\Pacifico\Desktop\Projects\mh\src\assets\equipment\equipment-and-maintenance-on-stair-mh-aviation-lancaster-pilot-training.jpg,/src/assets/equipment/mh-aviation-equipment-and-maintenance-on-stair.jpg,/src/assets/equipment/equipment-and-maintenance-on-stair-mh-aviation-lancaster-pilot-training.jpg,OK
C:\Users\Pacifico\Desktop\Projects\mh\src\assets\equipment\mh-aviation-equipment-and-maintenance-team.jpg,C:\Users\Pacifico\Desktop\Projects\mh\src\assets\equipment\equipment-and-maintenance-team-mh-aviation-lancaster-certified-flight-instructor.jpg,/src/assets/equipment/mh-aviation-equipment-and-maintenance-team.jpg,/src/assets/equipment/equipment-and-maintenance-team-mh-aviation-lancaster-certified-flight-instructor.jpg,OK
C:\Users\Pacifico\Desktop\Projects\mh\src\assets\equipment\mh-aviation-equipment-and-team-distance-shot.jpg,C:\Users\Pacifico\Desktop\Projects\mh\src\assets\equipment\equipment-and-team-distance-shot-mh-aviation-california-pilot-training.jpg,/src/assets/equipment/mh-aviation-equipment-and-team-distance-shot.jpg,/src/assets/equipment/equipment-and-team-distance-shot-mh-aviation-california-pilot-training.jpg,OK
C:\Users\Pacifico\Desktop\Projects\mh\src\assets\equipment\mh-aviation-equipment-and-team.jpg,C:\Users\Pacifico\Desktop\Projects\mh\src\assets\equipment\equipment-and-team-mh-aviation-lancaster-flight-school.jpg,/src/assets/equipment/mh-aviation-equipment-and-team.jpg,/src/assets/equipment/equipment-and-team-mh-aviation-lancaster-flight-school.jpg,OK
C:\Users\Pacifico\Desktop\Projects\mh\src\assets\equipment\mh-aviation-equipment-fueling-aircraft.jpg,C:\Users\Pacifico\Desktop\Projects\mh\src\assets\equipment\equipment-fueling-aircraft-mh-aviation-california-certified-flight-instructor.jpg,/src/assets/equipment/mh-aviation-equipment-fueling-aircraft.jpg,/src/assets/equipment/equipment-fueling-aircraft-mh-aviation-california-certified-flight-instructor.jpg,OK
C:\Users\Pacifico\Desktop\Projects\mh\src\assets\facilities\mh-aviation-faa-certified-repair-station.webp,C:\Users\Pacifico\Desktop\Projects\mh\src\assets\facilities\faa-certified-repair-station-mh-aviation-lancaster-flying-lessons.webp,/src/assets/facilities/mh-aviation-faa-certified-repair-station.webp,/src/assets/facilities/faa-certified-repair-station-mh-aviation-lancaster-flying-lessons.webp,OK
C:\Users\Pacifico\Desktop\Projects\mh\src\assets\facilities\mh-aviation-facilities-front-sd.webp,C:\Users\Pacifico\Desktop\Projects\mh\src\assets\facilities\facilities-front-sd-mh-aviation-california-flying-lessons.webp,/src/assets/facilities/mh-aviation-facilities-front-sd.webp,/src/assets/facilities/facilities-front-sd-mh-aviation-california-flying-lessons.webp,OK
C:\Users\Pacifico\Desktop\Projects\mh\src\assets\facilities\mh-aviation-facilities-front.jpg,C:\Users\Pacifico\Desktop\Projects\mh\src\assets\facilities\facilities-front-mh-aviation-california-multi-engine-rating.jpg,/src/assets/facilities/mh-aviation-facilities-front.jpg,/src/assets/facilities/facilities-front-mh-aviation-california-multi-engine-rating.jpg,OK
C:\Users\Pacifico\Desktop\Projects\mh\src\assets\facilities\mh-aviation-handshake-at-repair-station.jpg,C:\Users\Pacifico\Desktop\Projects\mh\src\assets\facilities\handshake-at-repair-station-mh-aviation-lancaster-flight-training.jpg,/src/assets/facilities/mh-aviation-handshake-at-repair-station.jpg,/src/assets/facilities/handshake-at-repair-station-mh-aviation-lancaster-flight-training.jpg,OK
C:\Users\Pacifico\Desktop\Projects\mh\src\assets\facilities\mh-aviation-living-room.jpg,C:\Users\Pacifico\Desktop\Projects\mh\src\assets\facilities\living-room-mh-aviation-california-multi-engine-rating.jpg,/src/assets/facilities/mh-aviation-living-room.jpg,/src/assets/facilities/living-room-mh-aviation-california-multi-engine-rating.jpg,OK
C:\Users\Pacifico\Desktop\Projects\mh\src\assets\facilities\mh-aviation-office-instructor-view.jpg,C:\Users\Pacifico\Desktop\Projects\mh\src\assets\facilities\office-instructor-view-mh-aviation-california-certified-flight-instructor.jpg,/src/assets/facilities/mh-aviation-office-instructor-view.jpg,/src/assets/facilities/office-instructor-view-mh-aviation-california-certified-flight-instructor.jpg,OK
C:\Users\Pacifico\Desktop\Projects\mh\src\assets\facilities\mh-aviation-office.jpg,C:\Users\Pacifico\Desktop\Projects\mh\src\assets\facilities\office-mh-aviation-california-flight-training.jpg,/src/assets/facilities/mh-aviation-office.jpg,/src/assets/facilities/office-mh-aviation-california-flight-training.jpg,OK
C:\Users\Pacifico\Desktop\Projects\mh\src\assets\facilities\mh-aviation-other-kitchen.jpg,C:\Users\Pacifico\Desktop\Projects\mh\src\assets\facilities\other-kitchen-mh-aviation-california-instrument-rating.jpg,/src/assets/facilities/mh-aviation-other-kitchen.jpg,/src/assets/facilities/other-kitchen-mh-aviation-california-instrument-rating.jpg,OK
C:\Users\Pacifico\Desktop\Projects\mh\src\assets\facilities\mh-aviation-other-office-view.jpg,C:\Users\Pacifico\Desktop\Projects\mh\src\assets\facilities\other-office-view-mh-aviation-lancaster-become-a-pilot.jpg,/src/assets/facilities/mh-aviation-other-office-view.jpg,/src/assets/facilities/other-office-view-mh-aviation-lancaster-become-a-pilot.jpg,OK
C:\Users\Pacifico\Desktop\Projects\mh\src\assets\facilities\mh-aviation-pulling-aircraft.jpg,C:\Users\Pacifico\Desktop\Projects\mh\src\assets\facilities\pulling-aircraft-mh-aviation-california-flight-school.jpg,/src/assets/facilities/mh-aviation-pulling-aircraft.jpg,/src/assets/facilities/pulling-aircraft-mh-aviation-california-flight-school.jpg,OK
C:\Users\Pacifico\Desktop\Projects\mh\src\assets\facilities\mh-aviation-pushing-plane-to-hangar.jpg,C:\Users\Pacifico\Desktop\Projects\mh\src\assets\facilities\pushing-plane-to-hangar-mh-aviation-lancaster-pilot-training.jpg,/src/assets/facilities/mh-aviation-pushing-plane-to-hangar.jpg,/src/assets/facilities/pushing-plane-to-hangar-mh-aviation-lancaster-pilot-training.jpg,OK
C:\Users\Pacifico\Desktop\Projects\mh\src\assets\facilities\mh-aviation-reception-view.jpg,C:\Users\Pacifico\Desktop\Projects\mh\src\assets\facilities\reception-view-mh-aviation-lancaster-become-a-pilot.jpg,/src/assets/facilities/mh-aviation-reception-view.jpg,/src/assets/facilities/reception-view-mh-aviation-lancaster-become-a-pilot.jpg,OK
C:\Users\Pacifico\Desktop\Projects\mh\src\assets\facilities\mh-aviation-reception-zoomed-out-view.jpg,C:\Users\Pacifico\Desktop\Projects\mh\src\assets\facilities\reception-zoomed-out-view-mh-aviation-california-flight-school.jpg,/src/assets/facilities/mh-aviation-reception-zoomed-out-view.jpg,/src/assets/facilities/reception-zoomed-out-view-mh-aviation-california-flight-school.jpg,OK
C:\Users\Pacifico\Desktop\Projects\mh\src\assets\facilities\mh-aviation-repair-facilities-at-lancaster-california.webp,C:\Users\Pacifico\Desktop\Projects\mh\src\assets\facilities\repair-facilities-at-california-mh-aviation-california-multi-engine-rating.webp,/src/assets/facilities/mh-aviation-repair-facilities-at-lancaster-california.webp,/src/assets/facilities/repair-facilities-at-california-mh-aviation-california-multi-engine-rating.webp,OK
C:\Users\Pacifico\Desktop\Projects\mh\src\assets\facilities\mh-aviation-repair-station.jpg,C:\Users\Pacifico\Desktop\Projects\mh\src\assets\facilities\repair-station-mh-aviation-lancaster-private-pilot.jpg,/src/assets/facilities/mh-aviation-repair-station.jpg,/src/assets/facilities/repair-station-mh-aviation-lancaster-private-pilot.jpg,OK
C:\Users\Pacifico\Desktop\Projects\mh\src\assets\facilities\mh-aviation-waiting-room.jpg,C:\Users\Pacifico\Desktop\Projects\mh\src\assets\facilities\waiting-room-mh-aviation-california-multi-engine-rating.jpg,/src/assets/facilities/mh-aviation-waiting-room.jpg,/src/assets/facilities/waiting-room-mh-aviation-california-multi-engine-rating.jpg,OK
C:\Users\Pacifico\Desktop\Projects\mh\src\assets\female-placeholder.webp,C:\Users\Pacifico\Desktop\Projects\mh\src\assets\female-placeholder-mh-aviation-lancaster-flight-school.webp,/src/assets/female-placeholder.webp,/src/assets/female-placeholder-mh-aviation-lancaster-flight-school.webp,OK
C:\Users\Pacifico\Desktop\Projects\mh\src\assets\fleet\mh-aviation-fleet-hangar.png,C:\Users\Pacifico\Desktop\Projects\mh\src\assets\fleet\fleet-hangar-mh-aviation-california-commercial-pilot.png,/src/assets/fleet/mh-aviation-fleet-hangar.png,/src/assets/fleet/fleet-hangar-mh-aviation-california-commercial-pilot.png,OK
C:\Users\Pacifico\Desktop\Projects\mh\src\assets\fleet\mh-aviation-hangar-two-aircraft-hangar-front-at-lancaster-california.webp,C:\Users\Pacifico\Desktop\Projects\mh\src\assets\fleet\hangar-two-aircraft-hangar-front-at-california-mh-aviation-lancaster-become-a-pilot.webp,/src/assets/fleet/mh-aviation-hangar-two-aircraft-hangar-front-at-lancaster-california.webp,/src/assets/fleet/hangar-two-aircraft-hangar-front-at-california-mh-aviation-lancaster-become-a-pilot.webp,OK
C:\Users\Pacifico\Desktop\Projects\mh\src\assets\fleet\mh-aviation-hangar-two-aircraft-hangar-front-sideways-at-lancaster-california.webp,C:\Users\Pacifico\Desktop\Projects\mh\src\assets\fleet\hangar-two-aircraft-hangar-front-sideways-at-california-mh-aviation-lancaster-pilot-training.webp,/src/assets/fleet/mh-aviation-hangar-two-aircraft-hangar-front-sideways-at-lancaster-california.webp,/src/assets/fleet/hangar-two-aircraft-hangar-front-sideways-at-california-mh-aviation-lancaster-pilot-training.webp,OK
C:\Users\Pacifico\Desktop\Projects\mh\src\assets\fleet\mh-aviation-modern-aircraft-at-lancaster-california.webp,C:\Users\Pacifico\Desktop\Projects\mh\src\assets\fleet\modern-aircraft-at-california-mh-aviation-lancaster-discovery-flight.webp,/src/assets/fleet/mh-aviation-modern-aircraft-at-lancaster-california.webp,/src/assets/fleet/modern-aircraft-at-california-mh-aviation-lancaster-discovery-flight.webp,OK
C:\Users\Pacifico\Desktop\Projects\mh\src\assets\fleet\mh-aviation-modern-aircraft-cockpit-at-lancaster-california.webp,C:\Users\Pacifico\Desktop\Projects\mh\src\assets\fleet\modern-aircraft-cockpit-at-california-mh-aviation-lancaster-flight-training.webp,/src/assets/fleet/mh-aviation-modern-aircraft-cockpit-at-lancaster-california.webp,/src/assets/fleet/modern-aircraft-cockpit-at-california-mh-aviation-lancaster-flight-training.webp,OK
C:\Users\Pacifico\Desktop\Projects\mh\src\assets\fleet\mh-aviation-the-baron-aircraft.webp,C:\Users\Pacifico\Desktop\Projects\mh\src\assets\fleet\the-baron-aircraft-mh-aviation-lancaster-private-pilot.webp,/src/assets/fleet/mh-aviation-the-baron-aircraft.webp,/src/assets/fleet/the-baron-aircraft-mh-aviation-lancaster-private-pilot.webp,OK
C:\Users\Pacifico\Desktop\Projects\mh\src\assets\fleet\mh-fleet-hangar.jpg,C:\Users\Pacifico\Desktop\Projects\mh\src\assets\fleet\mh-fleet-hangar-mh-aviation-lancaster-commercial-pilot.jpg,/src/assets/fleet/mh-fleet-hangar.jpg,/src/assets/fleet/mh-fleet-hangar-mh-aviation-lancaster-commercial-pilot.jpg,OK
C:\Users\Pacifico\Desktop\Projects\mh\src\assets\fleet\N254MJ\mh-aviation-at-lancaster-california-the-baron-aircraft-back-view.webp,C:\Users\Pacifico\Desktop\Projects\mh\src\assets\fleet\N254MJ\at-the-baron-aircraft-back-view-mh-aviation-lancaster-pilot-training.webp,/src/assets/fleet/N254MJ/mh-aviation-at-lancaster-california-the-baron-aircraft-back-view.webp,/src/assets/fleet/N254MJ/at-the-baron-aircraft-back-view-mh-aviation-lancaster-pilot-training.webp,OK
C:\Users\Pacifico\Desktop\Projects\mh\src\assets\fleet\N254MJ\mh-aviation-at-lancaster-california-the-baron-aircraft-engine-close-up.webp,C:\Users\Pacifico\Desktop\Projects\mh\src\assets\fleet\N254MJ\at-the-baron-aircraft-engine-close-up-mh-aviation-lancaster-become-a-pilot.webp,/src/assets/fleet/N254MJ/mh-aviation-at-lancaster-california-the-baron-aircraft-engine-close-up.webp,/src/assets/fleet/N254MJ/at-the-baron-aircraft-engine-close-up-mh-aviation-lancaster-become-a-pilot.webp,OK
C:\Users\Pacifico\Desktop\Projects\mh\src\assets\fleet\N254MJ\mh-aviation-at-lancaster-california-the-baron-aircraft-front-view.webp,C:\Users\Pacifico\Desktop\Projects\mh\src\assets\fleet\N254MJ\at-the-baron-aircraft-front-view-mh-aviation-california-instrument-rating.webp,/src/assets/fleet/N254MJ/mh-aviation-at-lancaster-california-the-baron-aircraft-front-view.webp,/src/assets/fleet/N254MJ/at-the-baron-aircraft-front-view-mh-aviation-california-instrument-rating.webp,OK
C:\Users\Pacifico\Desktop\Projects\mh\src\assets\fleet\N254MJ\mh-aviation-at-lancaster-california-the-baron-aircraft-right-other-view.webp,C:\Users\Pacifico\Desktop\Projects\mh\src\assets\fleet\N254MJ\at-the-baron-aircraft-right-other-view-mh-aviation-lancaster-instrument-rating.webp,/src/assets/fleet/N254MJ/mh-aviation-at-lancaster-california-the-baron-aircraft-right-other-view.webp,/src/assets/fleet/N254MJ/at-the-baron-aircraft-right-other-view-mh-aviation-lancaster-instrument-rating.webp,OK
C:\Users\Pacifico\Desktop\Projects\mh\src\assets\fleet\N254MJ\mh-aviation-at-lancaster-california-the-baron-aircraft-right-side-view.webp,C:\Users\Pacifico\Desktop\Projects\mh\src\assets\fleet\N254MJ\at-the-baron-aircraft-right-side-view-mh-aviation-california-commercial-pilot.webp,/src/assets/fleet/N254MJ/mh-aviation-at-lancaster-california-the-baron-aircraft-right-side-view.webp,/src/assets/fleet/N254MJ/at-the-baron-aircraft-right-side-view-mh-aviation-california-commercial-pilot.webp,OK
C:\Users\Pacifico\Desktop\Projects\mh\src\assets\fleet\N254MJ\mh-aviation-at-lancaster-california-the-baron-aircraft-side-other-angle.webp,C:\Users\Pacifico\Desktop\Projects\mh\src\assets\fleet\N254MJ\at-the-baron-aircraft-side-other-angle-mh-aviation-lancaster-pilot-training.webp,/src/assets/fleet/N254MJ/mh-aviation-at-lancaster-california-the-baron-aircraft-side-other-angle.webp,/src/assets/fleet/N254MJ/at-the-baron-aircraft-side-other-angle-mh-aviation-lancaster-pilot-training.webp,OK
C:\Users\Pacifico\Desktop\Projects\mh\src\assets\fleet\N53742\mh-aviation-cessna-172P-garmin-g5-dual-electronic-panel-at-lancaster-california.webp,C:\Users\Pacifico\Desktop\Projects\mh\src\assets\fleet\N53742\cessna-172P-garmin-g5-dual-electronic-panel-at-california-mh-aviation-lancaster-multi-engine-rating.webp,/src/assets/fleet/N53742/mh-aviation-cessna-172P-garmin-g5-dual-electronic-panel-at-lancaster-california.webp,/src/assets/fleet/N53742/cessna-172P-garmin-g5-dual-electronic-panel-at-california-mh-aviation-lancaster-multi-engine-rating.webp,OK
C:\Users\Pacifico\Desktop\Projects\mh\src\assets\fleet\N53742\mh-aviation-cessna-172P-N53742-aircraft-at-hangar-at-lancaster-california.webp,C:\Users\Pacifico\Desktop\Projects\mh\src\assets\fleet\N53742\cessna-172P-N53742-aircraft-at-hangar-at-california-mh-aviation-california-private-pilot.webp,/src/assets/fleet/N53742/mh-aviation-cessna-172P-N53742-aircraft-at-hangar-at-lancaster-california.webp,/src/assets/fleet/N53742/cessna-172P-N53742-aircraft-at-hangar-at-california-mh-aviation-california-private-pilot.webp,OK
C:\Users\Pacifico\Desktop\Projects\mh\src\assets\fleet\N53742\mh-aviation-cessna-172P-N53742-aircraft-at-lancaster-california.webp,C:\Users\Pacifico\Desktop\Projects\mh\src\assets\fleet\N53742\cessna-172P-N53742-aircraft-at-california-mh-aviation-lancaster-pilot-training.webp,/src/assets/fleet/N53742/mh-aviation-cessna-172P-N53742-aircraft-at-lancaster-california.webp,/src/assets/fleet/N53742/cessna-172P-N53742-aircraft-at-california-mh-aviation-lancaster-pilot-training.webp,OK
C:\Users\Pacifico\Desktop\Projects\mh\src\assets\fleet\N53742\mh-aviation-cessna-172P-N53742-aircraft-front-of-hangar-at-lancaster-california.webp,C:\Users\Pacifico\Desktop\Projects\mh\src\assets\fleet\N53742\cessna-172P-N53742-aircraft-front-of-hangar-at-california-mh-aviation-california-private-pilot.webp,/src/assets/fleet/N53742/mh-aviation-cessna-172P-N53742-aircraft-front-of-hangar-at-lancaster-california.webp,/src/assets/fleet/N53742/cessna-172P-N53742-aircraft-front-of-hangar-at-california-mh-aviation-california-private-pilot.webp,OK
C:\Users\Pacifico\Desktop\Projects\mh\src\assets\fleet\N53742\mh-aviation-cessna-172P-N53742-aircraft-front-of-hangar-backview-at-lancaster-california.webp,C:\Users\Pacifico\Desktop\Projects\mh\src\assets\fleet\N53742\cessna-172P-N53742-aircraft-front-of-hangar-backview-at-california-mh-aviation-lancaster-commercial-pilot.webp,/src/assets/fleet/N53742/mh-aviation-cessna-172P-N53742-aircraft-front-of-hangar-backview-at-lancaster-california.webp,/src/assets/fleet/N53742/cessna-172P-N53742-aircraft-front-of-hangar-backview-at-california-mh-aviation-lancaster-commercial-pilot.webp,OK
C:\Users\Pacifico\Desktop\Projects\mh\src\assets\fleet\N53742\mh-aviation-cessna-172P-N53742-aircraft-front-of-hangar-close-up-at-lancaster-california.webp,C:\Users\Pacifico\Desktop\Projects\mh\src\assets\fleet\N53742\cessna-172P-N53742-aircraft-front-of-hangar-close-up-at-california-mh-aviation-lancaster-private-pilot.webp,/src/assets/fleet/N53742/mh-aviation-cessna-172P-N53742-aircraft-front-of-hangar-close-up-at-lancaster-california.webp,/src/assets/fleet/N53742/cessna-172P-N53742-aircraft-front-of-hangar-close-up-at-california-mh-aviation-lancaster-private-pilot.webp,OK
C:\Users\Pacifico\Desktop\Projects\mh\src\assets\fleet\N7366D\mh-aviation-cessna-172n-aircraft-at-lancaster-california.webp,C:\Users\Pacifico\Desktop\Projects\mh\src\assets\fleet\N7366D\cessna-172n-aircraft-at-california-mh-aviation-california-private-pilot.webp,/src/assets/fleet/N7366D/mh-aviation-cessna-172n-aircraft-at-lancaster-california.webp,/src/assets/fleet/N7366D/cessna-172n-aircraft-at-california-mh-aviation-california-private-pilot.webp,OK
C:\Users\Pacifico\Desktop\Projects\mh\src\assets\fleet\N7366D\mh-aviation-cessna-172n-aircraft-front-of-hangar-at-lancaster-california.webp,C:\Users\Pacifico\Desktop\Projects\mh\src\assets\fleet\N7366D\cessna-172n-aircraft-front-of-hangar-at-california-mh-aviation-california-commercial-pilot.webp,/src/assets/fleet/N7366D/mh-aviation-cessna-172n-aircraft-front-of-hangar-at-lancaster-california.webp,/src/assets/fleet/N7366D/cessna-172n-aircraft-front-of-hangar-at-california-mh-aviation-california-commercial-pilot.webp,OK
C:\Users\Pacifico\Desktop\Projects\mh\src\assets\fleet\N7366D\mh-aviation-cessna-172n-aircraft-front-of-hangar-backview-at-lancaster-california.webp,C:\Users\Pacifico\Desktop\Projects\mh\src\assets\fleet\N7366D\cessna-172n-aircraft-front-of-hangar-backview-at-california-mh-aviation-california-become-a-pilot.webp,/src/assets/fleet/N7366D/mh-aviation-cessna-172n-aircraft-front-of-hangar-backview-at-lancaster-california.webp,/src/assets/fleet/N7366D/cessna-172n-aircraft-front-of-hangar-backview-at-california-mh-aviation-california-become-a-pilot.webp,OK
C:\Users\Pacifico\Desktop\Projects\mh\src\assets\fleet\N7366D\mh-aviation-piper-standard-analog-six-pack-panel-aircraft-at-lancaster-california.webp,C:\Users\Pacifico\Desktop\Projects\mh\src\assets\fleet\N7366D\piper-standard-analog-six-pack-panel-aircraft-at-california-mh-aviation-california-multi-engine-rating.webp,/src/assets/fleet/N7366D/mh-aviation-piper-standard-analog-six-pack-panel-aircraft-at-lancaster-california.webp,/src/assets/fleet/N7366D/piper-standard-analog-six-pack-panel-aircraft-at-california-mh-aviation-california-multi-engine-rating.webp,OK
C:\Users\Pacifico\Desktop\Projects\mh\src\assets\fleet\N737DW\mh-aviation-at-lancaster-california-n737dw-cockpit-view.png,C:\Users\Pacifico\Desktop\Projects\mh\src\assets\fleet\N737DW\at-n737dw-cockpit-view-mh-aviation-california-commercial-pilot.png,/src/assets/fleet/N737DW/mh-aviation-at-lancaster-california-n737dw-cockpit-view.png,/src/assets/fleet/N737DW/at-n737dw-cockpit-view-mh-aviation-california-commercial-pilot.png,OK
C:\Users\Pacifico\Desktop\Projects\mh\src\assets\fleet\N737DW\mh-aviation-at-lancaster-california-n737dw-flying-view.png,C:\Users\Pacifico\Desktop\Projects\mh\src\assets\fleet\N737DW\at-n737dw-flying-view-mh-aviation-california-pilot-training.png,/src/assets/fleet/N737DW/mh-aviation-at-lancaster-california-n737dw-flying-view.png,/src/assets/fleet/N737DW/at-n737dw-flying-view-mh-aviation-california-pilot-training.png,OK
C:\Users\Pacifico\Desktop\Projects\mh\src\assets\fleet\N737DW\mh-aviation-at-lancaster-california-n737dw-side-view.png,C:\Users\Pacifico\Desktop\Projects\mh\src\assets\fleet\N737DW\at-n737dw-side-view-mh-aviation-california-flight-training.png,/src/assets/fleet/N737DW/mh-aviation-at-lancaster-california-n737dw-side-view.png,/src/assets/fleet/N737DW/at-n737dw-side-view-mh-aviation-california-flight-training.png,OK
C:\Users\Pacifico\Desktop\Projects\mh\src\assets\fleet\N8267Y\mh-aviation-piper-aircraft-at-lancaster-california.webp,C:\Users\Pacifico\Desktop\Projects\mh\src\assets\fleet\N8267Y\piper-aircraft-at-california-mh-aviation-california-private-pilot.webp,/src/assets/fleet/N8267Y/mh-aviation-piper-aircraft-at-lancaster-california.webp,/src/assets/fleet/N8267Y/piper-aircraft-at-california-mh-aviation-california-private-pilot.webp,OK
C:\Users\Pacifico\Desktop\Projects\mh\src\assets\fleet\N8267Y\mh-aviation-piper-garmin-gns430-analog-panel-aircraft-at-lancaster-california-2.webp,C:\Users\Pacifico\Desktop\Projects\mh\src\assets\fleet\N8267Y\piper-garmin-gns430-analog-panel-aircraft-at-2-mh-aviation-california-discovery-flight.webp,/src/assets/fleet/N8267Y/mh-aviation-piper-garmin-gns430-analog-panel-aircraft-at-lancaster-california-2.webp,/src/assets/fleet/N8267Y/piper-garmin-gns430-analog-panel-aircraft-at-2-mh-aviation-california-discovery-flight.webp,OK
C:\Users\Pacifico\Desktop\Projects\mh\src\assets\fleet\N8267Y\mh-aviation-piper-garmin-gns430-analog-panel-aircraft-at-lancaster-california.webp,C:\Users\Pacifico\Desktop\Projects\mh\src\assets\fleet\N8267Y\piper-garmin-gns430-analog-panel-aircraft-at-california-mh-aviation-lancaster-pilot-training.webp,/src/assets/fleet/N8267Y/mh-aviation-piper-garmin-gns430-analog-panel-aircraft-at-lancaster-california.webp,/src/assets/fleet/N8267Y/piper-garmin-gns430-analog-panel-aircraft-at-california-mh-aviation-lancaster-pilot-training.webp,OK
C:\Users\Pacifico\Desktop\Projects\mh\src\assets\general\mh-aviation-facilities-with-stratus-financial-logo-on-top.webp,C:\Users\Pacifico\Desktop\Projects\mh\src\assets\general\facilities-with-stratus-financial-logo-on-top-mh-aviation-california-certified-flight-instructor.webp,/src/assets/general/mh-aviation-facilities-with-stratus-financial-logo-on-top.webp,/src/assets/general/facilities-with-stratus-financial-logo-on-top-mh-aviation-california-certified-flight-instructor.webp,OK
C:\Users\Pacifico\Desktop\Projects\mh\src\assets\general\mh-aviation-fueling-service.webp,C:\Users\Pacifico\Desktop\Projects\mh\src\assets\general\fueling-service-mh-aviation-california-become-a-pilot.webp,/src/assets/general/mh-aviation-fueling-service.webp,/src/assets/general/fueling-service-mh-aviation-california-become-a-pilot.webp,OK
C:\Users\Pacifico\Desktop\Projects\mh\src\assets\general\mh-aviation-jet-fueling-services.webp,C:\Users\Pacifico\Desktop\Projects\mh\src\assets\general\jet-fueling-services-mh-aviation-lancaster-pilot-training.webp,/src/assets/general/mh-aviation-jet-fueling-services.webp,/src/assets/general/jet-fueling-services-mh-aviation-lancaster-pilot-training.webp,OK
C:\Users\Pacifico\Desktop\Projects\mh\src\assets\general\mh-aviation-sunset-on-landing.jpeg,C:\Users\Pacifico\Desktop\Projects\mh\src\assets\general\sunset-on-landing-mh-aviation-california-instrument-rating.jpeg,/src/assets/general/mh-aviation-sunset-on-landing.jpeg,/src/assets/general/sunset-on-landing-mh-aviation-california-instrument-rating.jpeg,OK
C:\Users\Pacifico\Desktop\Projects\mh\src\assets\instagram\goat-badge-from-lockhead-and-martin.jpg,C:\Users\Pacifico\Desktop\Projects\mh\src\assets\instagram\goat-badge-from-lockhead-and-martin-mh-aviation-lancaster-commercial-pilot.jpg,/src/assets/instagram/goat-badge-from-lockhead-and-martin.jpg,/src/assets/instagram/goat-badge-from-lockhead-and-martin-mh-aviation-lancaster-commercial-pilot.jpg,OK
C:\Users\Pacifico\Desktop\Projects\mh\src\assets\instructing\mh-aviation-instructing-checklist-at-lancaster-california.webp,C:\Users\Pacifico\Desktop\Projects\mh\src\assets\instructing\instructing-checklist-at-california-mh-aviation-lancaster-commercial-pilot.webp,/src/assets/instructing/mh-aviation-instructing-checklist-at-lancaster-california.webp,/src/assets/instructing/instructing-checklist-at-california-mh-aviation-lancaster-commercial-pilot.webp,OK
C:\Users\Pacifico\Desktop\Projects\mh\src\assets\instructing\mh-aviation-instructing-checklist-with-student-inside-cockpit-at-lancaster-california.webp,C:\Users\Pacifico\Desktop\Projects\mh\src\assets\instructing\instructing-checklist-with-student-inside-cockpit-at-california-mh-aviation-california-certified-flight-instructor.webp,/src/assets/instructing/mh-aviation-instructing-checklist-with-student-inside-cockpit-at-lancaster-california.webp,/src/assets/instructing/instructing-checklist-with-student-inside-cockpit-at-california-mh-aviation-california-certified-flight-instructor.webp,OK
C:\Users\Pacifico\Desktop\Projects\mh\src\assets\instructing\mh-aviation-instructing-inside-aircraft-with-student-at-lancaster-california.webp,C:\Users\Pacifico\Desktop\Projects\mh\src\assets\instructing\instructing-inside-aircraft-with-student-at-california-mh-aviation-lancaster-private-pilot.webp,/src/assets/instructing/mh-aviation-instructing-inside-aircraft-with-student-at-lancaster-california.webp,/src/assets/instructing/instructing-inside-aircraft-with-student-at-california-mh-aviation-lancaster-private-pilot.webp,OK
C:\Users\Pacifico\Desktop\Projects\mh\src\assets\instructing\mh-aviation-instructing-inside-aircraft-with-student-pointing-at-lancaster-california.webp,C:\Users\Pacifico\Desktop\Projects\mh\src\assets\instructing\instructing-inside-aircraft-with-student-pointing-at-california-mh-aviation-lancaster-private-pilot.webp,/src/assets/instructing/mh-aviation-instructing-inside-aircraft-with-student-pointing-at-lancaster-california.webp,/src/assets/instructing/instructing-inside-aircraft-with-student-pointing-at-california-mh-aviation-lancaster-private-pilot.webp,OK
C:\Users\Pacifico\Desktop\Projects\mh\src\assets\instructing\mh-aviation-instructing-inside-cockpit-with-student-at-lancaster-california.webp,C:\Users\Pacifico\Desktop\Projects\mh\src\assets\instructing\instructing-inside-cockpit-with-student-at-california-mh-aviation-lancaster-become-a-pilot.webp,/src/assets/instructing/mh-aviation-instructing-inside-cockpit-with-student-at-lancaster-california.webp,/src/assets/instructing/instructing-inside-cockpit-with-student-at-california-mh-aviation-lancaster-become-a-pilot.webp,OK
C:\Users\Pacifico\Desktop\Projects\mh\src\assets\instructing\mh-aviation-instructing-inspection-at-top-of-wing-at-window-at-lancaster-california.webp,C:\Users\Pacifico\Desktop\Projects\mh\src\assets\instructing\instructing-inspection-at-top-of-wing-at-window-at-california-mh-aviation-california-flight-school.webp,/src/assets/instructing/mh-aviation-instructing-inspection-at-top-of-wing-at-window-at-lancaster-california.webp,/src/assets/instructing/instructing-inspection-at-top-of-wing-at-window-at-california-mh-aviation-california-flight-school.webp,OK
C:\Users\Pacifico\Desktop\Projects\mh\src\assets\instructing\mh-aviation-instructing-inspection-at-window-at-lancaster-california.webp,C:\Users\Pacifico\Desktop\Projects\mh\src\assets\instructing\instructing-inspection-at-window-at-california-mh-aviation-lancaster-private-pilot.webp,/src/assets/instructing/mh-aviation-instructing-inspection-at-window-at-lancaster-california.webp,/src/assets/instructing/instructing-inspection-at-window-at-california-mh-aviation-lancaster-private-pilot.webp,OK
C:\Users\Pacifico\Desktop\Projects\mh\src\assets\instructing\mh-aviation-instructing-inspection-on-top-of-wing-at-window-at-lancaster-california.webp,C:\Users\Pacifico\Desktop\Projects\mh\src\assets\instructing\instructing-inspection-on-top-of-wing-at-window-at-california-mh-aviation-california-flying-lessons.webp,/src/assets/instructing/mh-aviation-instructing-inspection-on-top-of-wing-at-window-at-lancaster-california.webp,/src/assets/instructing/instructing-inspection-on-top-of-wing-at-window-at-california-mh-aviation-california-flying-lessons.webp,OK
C:\Users\Pacifico\Desktop\Projects\mh\src\assets\instructing\mh-aviation-instructing-on-top-of-aircraft-looking-at-it-at-lancaster-california.webp,C:\Users\Pacifico\Desktop\Projects\mh\src\assets\instructing\instructing-on-top-of-aircraft-looking-at-it-at-california-mh-aviation-lancaster-discovery-flight.webp,/src/assets/instructing/mh-aviation-instructing-on-top-of-aircraft-looking-at-it-at-lancaster-california.webp,/src/assets/instructing/instructing-on-top-of-aircraft-looking-at-it-at-california-mh-aviation-lancaster-discovery-flight.webp,OK
C:\Users\Pacifico\Desktop\Projects\mh\src\assets\instructing\mh-aviation-instructing-on-top-of-plane-at-lancaster-california.webp,C:\Users\Pacifico\Desktop\Projects\mh\src\assets\instructing\instructing-on-top-of-plane-at-california-mh-aviation-california-discovery-flight.webp,/src/assets/instructing/mh-aviation-instructing-on-top-of-plane-at-lancaster-california.webp,/src/assets/instructing/instructing-on-top-of-plane-at-california-mh-aviation-california-discovery-flight.webp,OK
C:\Users\Pacifico\Desktop\Projects\mh\src\assets\instructing\mh-aviation-instructing-on-top-of-plane.jpg,C:\Users\Pacifico\Desktop\Projects\mh\src\assets\instructing\instructing-on-top-of-plane-mh-aviation-california-discovery-flight.jpg,/src/assets/instructing/mh-aviation-instructing-on-top-of-plane.jpg,/src/assets/instructing/instructing-on-top-of-plane-mh-aviation-california-discovery-flight.jpg,OK
C:\Users\Pacifico\Desktop\Projects\mh\src\assets\instructing\mh-aviation-instructing-student-01.jpg,C:\Users\Pacifico\Desktop\Projects\mh\src\assets\instructing\instructing-student-01-mh-aviation-california-become-a-pilot.jpg,/src/assets/instructing/mh-aviation-instructing-student-01.jpg,/src/assets/instructing/instructing-student-01-mh-aviation-california-become-a-pilot.jpg,OK
C:\Users\Pacifico\Desktop\Projects\mh\src\assets\instructing\mh-aviation-instructing-student-02.jpg,C:\Users\Pacifico\Desktop\Projects\mh\src\assets\instructing\instructing-student-02-mh-aviation-california-flight-school.jpg,/src/assets/instructing/mh-aviation-instructing-student-02.jpg,/src/assets/instructing/instructing-student-02-mh-aviation-california-flight-school.jpg,OK
C:\Users\Pacifico\Desktop\Projects\mh\src\assets\instructing\mh-aviation-instructing-student-03.jpg,C:\Users\Pacifico\Desktop\Projects\mh\src\assets\instructing\instructing-student-03-mh-aviation-lancaster-certified-flight-instructor.jpg,/src/assets/instructing/mh-aviation-instructing-student-03.jpg,/src/assets/instructing/instructing-student-03-mh-aviation-lancaster-certified-flight-instructor.jpg,OK
C:\Users\Pacifico\Desktop\Projects\mh\src\assets\instructing\mh-aviation-instructing-student-04.jpg,C:\Users\Pacifico\Desktop\Projects\mh\src\assets\instructing\instructing-student-04-mh-aviation-lancaster-certified-flight-instructor.jpg,/src/assets/instructing/mh-aviation-instructing-student-04.jpg,/src/assets/instructing/instructing-student-04-mh-aviation-lancaster-certified-flight-instructor.jpg,OK
C:\Users\Pacifico\Desktop\Projects\mh\src\assets\instructing\mh-aviation-instructing-student-05.jpg,C:\Users\Pacifico\Desktop\Projects\mh\src\assets\instructing\instructing-student-05-mh-aviation-california-certified-flight-instructor.jpg,/src/assets/instructing/mh-aviation-instructing-student-05.jpg,/src/assets/instructing/instructing-student-05-mh-aviation-california-certified-flight-instructor.jpg,OK
C:\Users\Pacifico\Desktop\Projects\mh\src\assets\instructing\mh-aviation-instructing-student-how-to-repair-at-lancaster-california.webp,C:\Users\Pacifico\Desktop\Projects\mh\src\assets\instructing\instructing-student-how-to-repair-at-california-mh-aviation-california-commercial-pilot.webp,/src/assets/instructing/mh-aviation-instructing-student-how-to-repair-at-lancaster-california.webp,/src/assets/instructing/instructing-student-how-to-repair-at-california-mh-aviation-california-commercial-pilot.webp,OK
C:\Users\Pacifico\Desktop\Projects\mh\src\assets\instructing\mh-aviation-instructing-student-inside-cockpit-at-lancaster-california.webp,C:\Users\Pacifico\Desktop\Projects\mh\src\assets\instructing\instructing-student-inside-cockpit-at-california-mh-aviation-lancaster-instrument-rating.webp,/src/assets/instructing/mh-aviation-instructing-student-inside-cockpit-at-lancaster-california.webp,/src/assets/instructing/instructing-student-inside-cockpit-at-california-mh-aviation-lancaster-instrument-rating.webp,OK
C:\Users\Pacifico\Desktop\Projects\mh\src\assets\instructing\mh-aviation-instructing-student-inside-cockpit.webp,C:\Users\Pacifico\Desktop\Projects\mh\src\assets\instructing\instructing-student-inside-cockpit-mh-aviation-california-discovery-flight.webp,/src/assets/instructing/mh-aviation-instructing-student-inside-cockpit.webp,/src/assets/instructing/instructing-student-inside-cockpit-mh-aviation-california-discovery-flight.webp,OK
C:\Users\Pacifico\Desktop\Projects\mh\src\assets\instructing\mh-aviation-instructing-student-on-aircraft-inspection-front-wing-at-california.webp,C:\Users\Pacifico\Desktop\Projects\mh\src\assets\instructing\instructing-student-on-aircraft-inspection-front-wing-at-california-mh-aviation-lancaster-become-a-pilot.webp,/src/assets/instructing/mh-aviation-instructing-student-on-aircraft-inspection-front-wing-at-california.webp,/src/assets/instructing/instructing-student-on-aircraft-inspection-front-wing-at-california-mh-aviation-lancaster-become-a-pilot.webp,OK
C:\Users\Pacifico\Desktop\Projects\mh\src\assets\instructing\mh-aviation-instructing-student-on-aircraft-inspection-front-wing.webp,C:\Users\Pacifico\Desktop\Projects\mh\src\assets\instructing\instructing-student-on-aircraft-inspection-front-wing-mh-aviation-lancaster-discovery-flight.webp,/src/assets/instructing/mh-aviation-instructing-student-on-aircraft-inspection-front-wing.webp,/src/assets/instructing/instructing-student-on-aircraft-inspection-front-wing-mh-aviation-lancaster-discovery-flight.webp,OK
C:\Users\Pacifico\Desktop\Projects\mh\src\assets\instructing\mh-aviation-instructing-student-on-aircraft-inspection-front.jpg,C:\Users\Pacifico\Desktop\Projects\mh\src\assets\instructing\instructing-student-on-aircraft-inspection-front-mh-aviation-california-flight-training.jpg,/src/assets/instructing/mh-aviation-instructing-student-on-aircraft-inspection-front.jpg,/src/assets/instructing/instructing-student-on-aircraft-inspection-front-mh-aviation-california-flight-training.jpg,OK
C:\Users\Pacifico\Desktop\Projects\mh\src\assets\instructing\mh-aviation-instructing-student-on-aircraft-inspection-on-wing-at-california.webp,C:\Users\Pacifico\Desktop\Projects\mh\src\assets\instructing\instructing-student-on-aircraft-inspection-on-wing-at-california-mh-aviation-lancaster-pilot-training.webp,/src/assets/instructing/mh-aviation-instructing-student-on-aircraft-inspection-on-wing-at-california.webp,/src/assets/instructing/instructing-student-on-aircraft-inspection-on-wing-at-california-mh-aviation-lancaster-pilot-training.webp,OK
C:\Users\Pacifico\Desktop\Projects\mh\src\assets\instructing\mh-aviation-instructing-student-on-table-laughing.jpg,C:\Users\Pacifico\Desktop\Projects\mh\src\assets\instructing\instructing-student-on-table-laughing-mh-aviation-california-flight-training.jpg,/src/assets/instructing/mh-aviation-instructing-student-on-table-laughing.jpg,/src/assets/instructing/instructing-student-on-table-laughing-mh-aviation-california-flight-training.jpg,OK
C:\Users\Pacifico\Desktop\Projects\mh\src\assets\instructing\mh-aviation-instructing-student-on-table-with-map-close-up.jpg,C:\Users\Pacifico\Desktop\Projects\mh\src\assets\instructing\instructing-student-on-table-with-map-close-up-mh-aviation-lancaster-commercial-pilot.jpg,/src/assets/instructing/mh-aviation-instructing-student-on-table-with-map-close-up.jpg,/src/assets/instructing/instructing-student-on-table-with-map-close-up-mh-aviation-lancaster-commercial-pilot.jpg,OK
C:\Users\Pacifico\Desktop\Projects\mh\src\assets\instructing\mh-aviation-instructing-student-on-table-with-map-student-pointing.jpg,C:\Users\Pacifico\Desktop\Projects\mh\src\assets\instructing\instructing-student-on-table-with-map-student-pointing-mh-aviation-california-flying-lessons.jpg,/src/assets/instructing/mh-aviation-instructing-student-on-table-with-map-student-pointing.jpg,/src/assets/instructing/instructing-student-on-table-with-map-student-pointing-mh-aviation-california-flying-lessons.jpg,OK
C:\Users\Pacifico\Desktop\Projects\mh\src\assets\instructing\mh-aviation-instructing-student-on-table-with-map.jpg,C:\Users\Pacifico\Desktop\Projects\mh\src\assets\instructing\instructing-student-on-table-with-map-mh-aviation-california-flight-school.jpg,/src/assets/instructing/mh-aviation-instructing-student-on-table-with-map.jpg,/src/assets/instructing/instructing-student-on-table-with-map-mh-aviation-california-flight-school.jpg,OK
C:\Users\Pacifico\Desktop\Projects\mh\src\assets\instructing\mh-aviation-instructing-student-with-checklist.webp,C:\Users\Pacifico\Desktop\Projects\mh\src\assets\instructing\instructing-student-with-checklist-mh-aviation-california-pilot-training.webp,/src/assets/instructing/mh-aviation-instructing-student-with-checklist.webp,/src/assets/instructing/instructing-student-with-checklist-mh-aviation-california-pilot-training.webp,OK
C:\Users\Pacifico\Desktop\Projects\mh\src\assets\instructing\mh-aviation-instructing-student-with-white-board.jpg,C:\Users\Pacifico\Desktop\Projects\mh\src\assets\instructing\instructing-student-with-white-board-mh-aviation-california-pilot-training.jpg,/src/assets/instructing/mh-aviation-instructing-student-with-white-board.jpg,/src/assets/instructing/instructing-student-with-white-board-mh-aviation-california-pilot-training.jpg,OK
C:\Users\Pacifico\Desktop\Projects\mh\src\assets\instructing\mh-aviation-instructing-with-checklist-at-lancaster-california.webp,C:\Users\Pacifico\Desktop\Projects\mh\src\assets\instructing\instructing-with-checklist-at-california-mh-aviation-lancaster-instrument-rating.webp,/src/assets/instructing/mh-aviation-instructing-with-checklist-at-lancaster-california.webp,/src/assets/instructing/instructing-with-checklist-at-california-mh-aviation-lancaster-instrument-rating.webp,OK
C:\Users\Pacifico\Desktop\Projects\mh\src\assets\instructing\mh-aviation-instructing-with-checklist-on-back-of-wing-at-lancaster-california.webp,C:\Users\Pacifico\Desktop\Projects\mh\src\assets\instructing\instructing-with-checklist-on-back-of-wing-at-california-mh-aviation-lancaster-certified-flight-instructor.webp,/src/assets/instructing/mh-aviation-instructing-with-checklist-on-back-of-wing-at-lancaster-california.webp,/src/assets/instructing/instructing-with-checklist-on-back-of-wing-at-california-mh-aviation-lancaster-certified-flight-instructor.webp,OK
C:\Users\Pacifico\Desktop\Projects\mh\src\assets\instructing\mh-aviation-instructing-with-student-checklist-at-lancaster-california.webp,C:\Users\Pacifico\Desktop\Projects\mh\src\assets\instructing\instructing-with-student-checklist-at-california-mh-aviation-california-flying-lessons.webp,/src/assets/instructing/mh-aviation-instructing-with-student-checklist-at-lancaster-california.webp,/src/assets/instructing/instructing-with-student-checklist-at-california-mh-aviation-california-flying-lessons.webp,OK
C:\Users\Pacifico\Desktop\Projects\mh\src\assets\instructing\mh-aviation-instructing-with-student-inside-cockpit-checklist-at-lancaster-california.webp,C:\Users\Pacifico\Desktop\Projects\mh\src\assets\instructing\instructing-with-student-inside-cockpit-checklist-at-california-mh-aviation-california-certified-flight-instructor.webp,/src/assets/instructing/mh-aviation-instructing-with-student-inside-cockpit-checklist-at-lancaster-california.webp,/src/assets/instructing/instructing-with-student-inside-cockpit-checklist-at-california-mh-aviation-california-certified-flight-instructor.webp,OK
C:\Users\Pacifico\Desktop\Projects\mh\src\assets\old-website\crew-repairing-aircraft.webp,C:\Users\Pacifico\Desktop\Projects\mh\src\assets\old-website\crew-repairing-aircraft-mh-aviation-california-become-a-pilot.webp,/src/assets/old-website/crew-repairing-aircraft.webp,/src/assets/old-website/crew-repairing-aircraft-mh-aviation-california-become-a-pilot.webp,OK
C:\Users\Pacifico\Desktop\Projects\mh\src\assets\placeholder-male.jpg,C:\Users\Pacifico\Desktop\Projects\mh\src\assets\placeholder-male-mh-aviation-lancaster-instrument-rating.jpg,/src/assets/placeholder-male.jpg,/src/assets/placeholder-male-mh-aviation-lancaster-instrument-rating.jpg,OK
C:\Users\Pacifico\Desktop\Projects\mh\src\assets\repair-station\mh-aviation-repair-station-front-view-of-aircraft-at-lancaster-california.webp,C:\Users\Pacifico\Desktop\Projects\mh\src\assets\repair-station\repair-station-front-view-of-aircraft-at-california-mh-aviation-lancaster-private-pilot.webp,/src/assets/repair-station/mh-aviation-repair-station-front-view-of-aircraft-at-lancaster-california.webp,/src/assets/repair-station/repair-station-front-view-of-aircraft-at-california-mh-aviation-lancaster-private-pilot.webp,OK
C:\Users\Pacifico\Desktop\Projects\mh\src\assets\repair-station\mh-aviation-repair-station-open-engine-backed-close-up-pistons-at-lancaster-california.webp,C:\Users\Pacifico\Desktop\Projects\mh\src\assets\repair-station\repair-station-open-engine-backed-close-up-pistons-at-california-mh-aviation-lancaster-flight-training.webp,/src/assets/repair-station/mh-aviation-repair-station-open-engine-backed-close-up-pistons-at-lancaster-california.webp,/src/assets/repair-station/repair-station-open-engine-backed-close-up-pistons-at-california-mh-aviation-lancaster-flight-training.webp,OK
C:\Users\Pacifico\Desktop\Projects\mh\src\assets\repair-station\mh-aviation-repair-station-open-engine-close-up-at-engine-at-lancaster-california.webp,C:\Users\Pacifico\Desktop\Projects\mh\src\assets\repair-station\repair-station-open-engine-close-up-at-engine-at-california-mh-aviation-california-flying-lessons.webp,/src/assets/repair-station/mh-aviation-repair-station-open-engine-close-up-at-engine-at-lancaster-california.webp,/src/assets/repair-station/repair-station-open-engine-close-up-at-engine-at-california-mh-aviation-california-flying-lessons.webp,OK
C:\Users\Pacifico\Desktop\Projects\mh\src\assets\repair-station\mh-aviation-repair-station-open-engine-close-up-at-lancaster-california.webp,C:\Users\Pacifico\Desktop\Projects\mh\src\assets\repair-station\repair-station-open-engine-close-up-at-california-mh-aviation-lancaster-instrument-rating.webp,/src/assets/repair-station/mh-aviation-repair-station-open-engine-close-up-at-lancaster-california.webp,/src/assets/repair-station/repair-station-open-engine-close-up-at-california-mh-aviation-lancaster-instrument-rating.webp,OK
C:\Users\Pacifico\Desktop\Projects\mh\src\assets\repair-station\mh-aviation-repair-station-open-engine-close-up-continental-logo-at-lancaster-california.webp,C:\Users\Pacifico\Desktop\Projects\mh\src\assets\repair-station\repair-station-open-engine-close-up-continental-logo-at-california-mh-aviation-lancaster-flying-lessons.webp,/src/assets/repair-station/mh-aviation-repair-station-open-engine-close-up-continental-logo-at-lancaster-california.webp,/src/assets/repair-station/repair-station-open-engine-close-up-continental-logo-at-california-mh-aviation-lancaster-flying-lessons.webp,OK
C:\Users\Pacifico\Desktop\Projects\mh\src\assets\repair-station\mh-aviation-repair-station-open-engine-close-up-pistons-at-lancaster-california.webp,C:\Users\Pacifico\Desktop\Projects\mh\src\assets\repair-station\repair-station-open-engine-close-up-pistons-at-california-mh-aviation-lancaster-commercial-pilot.webp,/src/assets/repair-station/mh-aviation-repair-station-open-engine-close-up-pistons-at-lancaster-california.webp,/src/assets/repair-station/repair-station-open-engine-close-up-pistons-at-california-mh-aviation-lancaster-commercial-pilot.webp,OK
C:\Users\Pacifico\Desktop\Projects\mh\src\assets\repair-station\mh-aviation-repair-station-open-engine-front-view-at-lancaster-california.webp,C:\Users\Pacifico\Desktop\Projects\mh\src\assets\repair-station\repair-station-open-engine-front-view-at-california-mh-aviation-lancaster-private-pilot.webp,/src/assets/repair-station/mh-aviation-repair-station-open-engine-front-view-at-lancaster-california.webp,/src/assets/repair-station/repair-station-open-engine-front-view-at-california-mh-aviation-lancaster-private-pilot.webp,OK
C:\Users\Pacifico\Desktop\Projects\mh\src\assets\repair-station\mh-aviation-repair-station-open-engine-front-view-with-tools-at-lancaster-california.webp,C:\Users\Pacifico\Desktop\Projects\mh\src\assets\repair-station\repair-station-open-engine-front-view-with-tools-at-california-mh-aviation-lancaster-pilot-training.webp,/src/assets/repair-station/mh-aviation-repair-station-open-engine-front-view-with-tools-at-lancaster-california.webp,/src/assets/repair-station/repair-station-open-engine-front-view-with-tools-at-california-mh-aviation-lancaster-pilot-training.webp,OK
C:\Users\Pacifico\Desktop\Projects\mh\src\assets\repair-station\mh-aviation-repair-station-open-engine-side-view-at-lancaster-california.webp,C:\Users\Pacifico\Desktop\Projects\mh\src\assets\repair-station\repair-station-open-engine-side-view-at-california-mh-aviation-california-certified-flight-instructor.webp,/src/assets/repair-station/mh-aviation-repair-station-open-engine-side-view-at-lancaster-california.webp,/src/assets/repair-station/repair-station-open-engine-side-view-at-california-mh-aviation-california-certified-flight-instructor.webp,OK
C:\Users\Pacifico\Desktop\Projects\mh\src\assets\repair-station\mh-aviation-repair-station-open-engine-side-view-of-aircraft-lancaster-california.webp,C:\Users\Pacifico\Desktop\Projects\mh\src\assets\repair-station\repair-station-open-engine-side-view-of-aircraft-california-mh-aviation-lancaster-flight-training.webp,/src/assets/repair-station/mh-aviation-repair-station-open-engine-side-view-of-aircraft-lancaster-california.webp,/src/assets/repair-station/repair-station-open-engine-side-view-of-aircraft-california-mh-aviation-lancaster-flight-training.webp,OK
C:\Users\Pacifico\Desktop\Projects\mh\src\assets\repair-station\mh-aviation-repair-station-open-engine-top-view-at-lancaster-california.webp,C:\Users\Pacifico\Desktop\Projects\mh\src\assets\repair-station\repair-station-open-engine-top-view-at-california-mh-aviation-lancaster-commercial-pilot.webp,/src/assets/repair-station/mh-aviation-repair-station-open-engine-top-view-at-lancaster-california.webp,/src/assets/repair-station/repair-station-open-engine-top-view-at-california-mh-aviation-lancaster-commercial-pilot.webp,OK
C:\Users\Pacifico\Desktop\Projects\mh\src\assets\repair-station\mh-aviation-repair-station-overview.jpg,C:\Users\Pacifico\Desktop\Projects\mh\src\assets\repair-station\repair-station-overview-mh-aviation-lancaster-flight-training.jpg,/src/assets/repair-station/mh-aviation-repair-station-overview.jpg,/src/assets/repair-station/repair-station-overview-mh-aviation-lancaster-flight-training.jpg,OK
C:\Users\Pacifico\Desktop\Projects\mh\src\assets\repair-station\mh-aviation-repair-table.jpg,C:\Users\Pacifico\Desktop\Projects\mh\src\assets\repair-station\repair-table-mh-aviation-california-flight-school.jpg,/src/assets/repair-station/mh-aviation-repair-table.jpg,/src/assets/repair-station/repair-table-mh-aviation-california-flight-school.jpg,OK
C:\Users\Pacifico\Desktop\Projects\mh\src\assets\repair-station\mh-aviation-repair-under-aircraft.jpg,C:\Users\Pacifico\Desktop\Projects\mh\src\assets\repair-station\repair-under-aircraft-mh-aviation-california-flight-school.jpg,/src/assets/repair-station/mh-aviation-repair-under-aircraft.jpg,/src/assets/repair-station/repair-under-aircraft-mh-aviation-california-flight-school.jpg,OK
C:\Users\Pacifico\Desktop\Projects\mh\src\assets\sebastian-zzWYD-tc_jI-unsplash.jpg,C:\Users\Pacifico\Desktop\Projects\mh\src\assets\sebastian-zzWYD-tc_jI-unsplash-mh-aviation-lancaster-pilot-training.jpg,/src/assets/sebastian-zzWYD-tc_jI-unsplash.jpg,/src/assets/sebastian-zzWYD-tc_jI-unsplash-mh-aviation-lancaster-pilot-training.jpg,OK
C:\Users\Pacifico\Desktop\Projects\mh\public\favicon.png,C:\Users\Pacifico\Desktop\Projects\mh\public\favicon-mh-aviation-lancaster-discovery-flight.png,/favicon.png,/favicon-mh-aviation-lancaster-discovery-flight.png,OK
C:\Users\Pacifico\Desktop\Projects\mh\public\logo-alternative.png,C:\Users\Pacifico\Desktop\Projects\mh\public\logo-alternative-mh-aviation-lancaster-pilot-training.png,/logo-alternative.png,/logo-alternative-mh-aviation-lancaster-pilot-training.png,OK
C:\Users\Pacifico\Desktop\Projects\mh\public\logo.png,C:\Users\Pacifico\Desktop\Projects\mh\public\logo-mh-aviation-lancaster-discovery-flight.png,/logo.png,/logo-mh-aviation-lancaster-discovery-flight.png,OK
C:\Users\Pacifico\Desktop\Projects\mh\public\og-image.png,C:\Users\Pacifico\Desktop\Projects\mh\public\og-image-mh-aviation-california-instrument-rating.png,/og-image.png,/og-image-mh-aviation-california-instrument-rating.png,OK